,Loan_ID,Gender,Married,Dependents,Education,Self_Employed,ApplicantIncome,CoapplicantIncome,LoanAmount,Loan_Amount_Term,Credit_History,Property_Area
0,LP001032,Male,No,0,Graduate,No,4950,0.0,125,360,1,Urban
1,LP001824,Male,Yes,1,Graduate,No,2882,1843.0,123,480,1,Semiurban
2,LP002928,Male,Yes,0,Graduate,No,3000,3416.0,56,180,1,Semiurban
3,LP001814,Male,Yes,2,Graduate,No,9703,0.0,112,360,1,Urban
4,LP002244,Male,Yes,0,Graduate,No,2333,2417.0,136,360,1,Urban
5,LP001854,Male,Yes,3+,Graduate,No,5250,0.0,94,360,1,Urban
6,LP002505,Male,Yes,0,Graduate,No,4333,2451.0,110,360,1,Urban
7,LP002862,Male,Yes,2,Not Graduate,No,6125,1625.0,187,480,1,Semiurban
8,LP001630,Male,No,0,Not Graduate,No,2333,1451.0,102,480,0,Urban
9,LP001964,Male,Yes,0,Not Graduate,No,1800,2934.0,93,360,0,Urban
10,LP001098,Male,Yes,0,Graduate,No,3500,1667.0,114,360,1,Semiurban
11,LP002149,Male,Yes,2,Graduate,No,8333,3167.0,165,360,1,Rural
12,LP002472,Male,No,2,Graduate,No,4354,0.0,136,360,1,Rural
13,LP001647,Male,Yes,0,Graduate,No,9328,0.0,188,180,1,Rural
14,LP001871,Female,No,0,Graduate,No,7200,0.0,120,360,1,Rural
15,LP001379,Male,Yes,2,Graduate,No,3800,3600.0,216,360,0,Urban
16,LP002789,Male,Yes,0,Graduate,No,3593,4266.0,132,180,0,Rural
17,LP002842,Male,Yes,1,Graduate,No,3417,1750.0,186,360,1,Urban
18,LP001491,Male,Yes,2,Graduate,Yes,3316,3500.0,88,360,1,Urban
19,LP002031,Male,Yes,1,Not Graduate,No,3399,1640.0,111,180,1,Urban
20,LP001578,Male,Yes,0,Graduate,No,2439,3333.0,129,360,1,Rural
21,LP001318,Male,Yes,2,Graduate,No,6250,5654.0,188,180,1,Semiurban
22,LP001259,Male,Yes,1,Graduate,Yes,1000,3022.0,110,360,1,Urban
23,LP002804,Female,Yes,0,Graduate,No,4180,2306.0,182,360,1,Semiurban
24,LP001327,Female,Yes,0,Graduate,No,2484,2302.0,137,360,1,Semiurban
25,LP001713,Male,Yes,1,Graduate,Yes,7787,0.0,240,360,1,Urban
26,LP002990,Female,No,0,Graduate,Yes,4583,0.0,133,360,0,Semiurban
27,LP001811,Male,Yes,0,Not Graduate,No,3406,4417.0,123,360,1,Semiurban
28,LP001891,Male,Yes,0,Graduate,No,11146,0.0,136,360,1,Urban
29,LP002953,Male,Yes,3+,Graduate,No,5703,0.0,128,360,1,Urban
30,LP001020,Male,Yes,1,Graduate,No,12841,10968.0,349,360,1,Semiurban
31,LP001144,Male,Yes,0,Graduate,No,5821,0.0,144,360,1,Urban
32,LP002429,Male,Yes,1,Graduate,Yes,3466,1210.0,130,360,1,Rural
33,LP002138,Male,Yes,0,Graduate,No,2625,6250.0,187,360,1,Rural
34,LP001720,Male,Yes,3+,Not Graduate,No,3850,983.0,100,360,1,Semiurban
35,LP002341,Female,No,1,Graduate,No,2600,0.0,160,360,1,Urban
36,LP002626,Male,Yes,0,Graduate,Yes,2479,3013.0,188,360,1,Urban
37,LP002229,Male,No,0,Graduate,No,5941,4232.0,296,360,1,Semiurban
38,LP001195,Male,Yes,0,Graduate,No,2132,1591.0,96,360,1,Semiurban
39,LP001194,Male,Yes,2,Graduate,No,2708,1167.0,97,360,1,Semiurban
40,LP002115,Male,Yes,3+,Not Graduate,No,2647,1587.0,173,360,1,Rural
41,LP001369,Male,Yes,2,Graduate,No,11417,1126.0,225,360,1,Urban
42,LP001497,Male,Yes,2,Graduate,No,5042,2083.0,185,360,1,Rural
43,LP002807,Male,Yes,2,Not Graduate,No,3675,242.0,108,360,1,Semiurban
44,LP001633,Male,Yes,1,Graduate,No,6400,7250.0,180,360,0,Urban
45,LP001877,Male,Yes,2,Graduate,No,4708,1387.0,150,360,1,Semiurban
46,LP002690,Male,No,0,Graduate,No,2500,0.0,55,360,1,Semiurban
47,LP001924,Male,No,0,Graduate,No,3158,3053.0,89,360,1,Rural
48,LP002390,Male,No,0,Graduate,No,3750,0.0,100,360,1,Urban
49,LP002541,Male,Yes,0,Graduate,No,10833,0.0,234,360,1,Semiurban
50,LP001473,Male,No,0,Graduate,No,2014,1929.0,74,360,1,Urban
51,LP001005,Male,Yes,0,Graduate,Yes,3000,0.0,66,360,1,Urban
52,LP001882,Male,Yes,3+,Graduate,No,4333,1811.0,160,360,0,Urban
53,LP001925,Female,No,0,Graduate,Yes,2600,1717.0,99,300,1,Semiurban
54,LP001896,Male,Yes,2,Graduate,No,3900,0.0,90,360,1,Semiurban
55,LP001888,Female,No,0,Graduate,No,3237,0.0,30,360,1,Urban
56,LP002545,Male,No,2,Graduate,No,3547,0.0,80,360,0,Rural
57,LP002408,Male,No,0,Graduate,No,3660,5064.0,187,360,1,Semiurban
58,LP001255,Male,No,0,Graduate,No,3750,0.0,113,480,1,Urban
59,LP001030,Male,Yes,2,Graduate,No,1299,1086.0,17,120,1,Urban
60,LP001792,Male,Yes,1,Graduate,No,3315,0.0,96,360,1,Semiurban
61,LP002556,Male,No,0,Graduate,No,2435,0.0,75,360,1,Urban
62,LP002366,Male,Yes,0,Graduate,No,2666,4300.0,121,360,1,Rural
63,LP002201,Male,Yes,2,Graduate,Yes,9323,7873.0,380,300,1,Rural
64,LP001699,Male,No,0,Graduate,No,2479,0.0,59,360,1,Urban
65,LP001931,Female,No,0,Graduate,No,4124,0.0,115,360,1,Semiurban
66,LP002874,Male,No,0,Graduate,No,3229,2739.0,110,360,1,Urban
67,LP002936,Male,Yes,0,Graduate,No,3859,3300.0,142,180,1,Rural
68,LP001577,Female,Yes,0,Graduate,No,4583,0.0,112,360,1,Rural
69,LP002544,Male,Yes,1,Not Graduate,No,1958,2436.0,131,360,1,Rural
70,LP001157,Female,No,0,Graduate,No,3086,0.0,120,360,1,Semiurban
71,LP002170,Male,Yes,2,Graduate,No,5000,3667.0,236,360,1,Semiurban
72,LP001859,Male,Yes,0,Graduate,No,14683,2100.0,304,360,1,Rural
73,LP002840,Female,No,0,Graduate,No,2378,0.0,9,360,1,Urban
74,LP002342,Male,Yes,2,Graduate,Yes,1600,20000.0,239,360,1,Urban
75,LP001432,Male,Yes,2,Graduate,No,2957,0.0,81,360,1,Semiurban
76,LP002792,Male,Yes,1,Graduate,No,5468,1032.0,26,360,1,Semiurban
77,LP002689,Male,Yes,2,Not Graduate,No,2192,1742.0,45,360,1,Semiurban
78,LP001974,Female,No,0,Graduate,No,5000,0.0,132,360,1,Rural
79,LP002255,Male,No,3+,Graduate,No,9167,0.0,185,360,1,Rural
80,LP001404,Female,Yes,0,Graduate,No,3167,2283.0,154,360,1,Semiurban
81,LP002938,Male,Yes,0,Graduate,Yes,16120,0.0,260,360,1,Urban
82,LP001518,Male,Yes,1,Graduate,No,1538,1425.0,30,360,1,Urban
83,LP002734,Male,Yes,0,Graduate,No,6133,3906.0,324,360,1,Urban
84,LP002940,Male,No,0,Not Graduate,No,3833,0.0,110,360,1,Rural
85,LP001807,Male,Yes,2,Graduate,Yes,6250,1300.0,108,360,1,Rural
86,LP002403,Male,No,0,Graduate,Yes,10416,0.0,187,360,0,Urban
87,LP001199,Male,Yes,2,Not Graduate,No,3357,2859.0,144,360,1,Urban
88,LP002683,Male,No,0,Graduate,No,4683,1915.0,185,360,1,Semiurban
89,LP001910,Male,No,1,Not Graduate,Yes,4053,2426.0,158,360,0,Urban
90,LP001493,Male,Yes,2,Not Graduate,No,4200,1430.0,129,360,1,Rural
91,LP002262,Male,Yes,3+,Graduate,No,9504,0.0,275,360,1,Rural
92,LP001579,Male,No,0,Graduate,No,2237,0.0,63,480,0,Semiurban
93,LP002714,Male,No,1,Not Graduate,No,2679,1302.0,94,360,1,Semiurban
94,LP002190,Male,Yes,1,Graduate,No,6325,0.0,175,360,1,Semiurban
95,LP001800,Male,Yes,1,Not Graduate,No,2510,1983.0,140,180,1,Urban
96,LP001487,Male,No,0,Graduate,No,4895,0.0,102,360,1,Semiurban
97,LP002317,Male,Yes,3+,Graduate,No,81000,0.0,360,360,0,Rural
98,LP002603,Female,No,0,Graduate,No,645,3683.0,113,480,1,Rural
99,LP002082,Male,Yes,0,Graduate,Yes,5818,2160.0,184,360,1,Semiurban
100,LP002487,Male,Yes,0,Graduate,No,3015,2188.0,153,360,1,Rural
101,LP002434,Male,Yes,2,Not Graduate,No,4652,0.0,110,360,1,Rural
102,LP002959,Female,Yes,1,Graduate,No,12000,0.0,496,360,1,Semiurban
103,LP002287,Female,No,0,Graduate,No,1500,1800.0,103,360,0,Semiurban
104,LP002379,Male,No,0,Graduate,No,6500,0.0,105,360,0,Rural
105,LP001514,Female,Yes,0,Graduate,No,2330,4486.0,100,360,1,Semiurban
106,LP001610,Male,Yes,3+,Graduate,No,5516,11300.0,495,360,0,Semiurban
107,LP001043,Male,Yes,0,Not Graduate,No,7660,0.0,104,360,0,Urban
108,LP002348,Male,Yes,0,Graduate,No,5829,0.0,138,360,1,Rural
109,LP001904,Male,Yes,0,Graduate,No,3103,1300.0,80,360,1,Urban
110,LP001430,Female,No,0,Graduate,No,4166,0.0,44,360,1,Semiurban
111,LP002821,Male,No,0,Not Graduate,Yes,5800,0.0,132,360,1,Semiurban
112,LP002387,Male,Yes,0,Graduate,No,2425,2340.0,143,360,1,Semiurban
113,LP002979,Male,Yes,3+,Graduate,No,4106,0.0,40,180,1,Rural
114,LP001692,Female,No,0,Not Graduate,No,4408,0.0,120,360,1,Semiurban
115,LP001267,Female,Yes,2,Graduate,No,1378,1881.0,167,360,1,Urban
116,LP002586,Female,Yes,1,Graduate,No,3326,913.0,105,84,1,Semiurban
117,LP001489,Female,Yes,0,Graduate,No,4583,0.0,84,360,1,Rural
118,LP002634,Female,No,1,Graduate,No,13262,0.0,40,360,1,Urban
119,LP002893,Male,No,0,Graduate,No,1836,33837.0,90,360,1,Urban
120,LP001868,Male,No,0,Graduate,No,2060,2209.0,134,360,1,Semiurban
121,LP001164,Female,No,0,Graduate,No,4230,0.0,112,360,1,Semiurban
122,LP002813,Female,Yes,1,Graduate,Yes,19484,0.0,600,360,1,Semiurban
123,LP002517,Male,Yes,1,Not Graduate,No,2653,1500.0,113,180,0,Rural
124,LP001046,Male,Yes,1,Graduate,No,5955,5625.0,315,360,1,Urban
125,LP002582,Female,No,0,Not Graduate,Yes,17263,0.0,225,360,1,Semiurban
126,LP001316,Male,Yes,0,Graduate,No,2958,2900.0,131,360,1,Semiurban
127,LP001715,Male,Yes,3+,Not Graduate,Yes,5703,0.0,130,360,1,Rural
128,LP001068,Male,Yes,0,Graduate,No,2799,2253.0,122,360,1,Semiurban
129,LP002119,Male,Yes,1,Not Graduate,No,4554,1229.0,158,360,1,Urban
130,LP002151,Male,Yes,1,Graduate,No,3875,0.0,67,360,1,Urban
131,LP002337,Female,No,0,Graduate,No,2995,0.0,60,360,1,Urban
132,LP001653,Male,No,0,Not Graduate,No,4885,0.0,48,360,1,Rural
133,LP001640,Male,Yes,0,Graduate,Yes,39147,4750.0,120,360,1,Semiurban
134,LP002315,Male,Yes,1,Graduate,No,8300,0.0,152,300,0,Semiurban
135,LP002693,Male,Yes,2,Graduate,Yes,7948,7166.0,480,360,1,Rural
136,LP002129,Male,Yes,0,Graduate,No,2499,2458.0,160,360,1,Semiurban
137,LP001722,Male,Yes,0,Graduate,No,150,1800.0,135,360,1,Rural
138,LP002067,Male,Yes,1,Graduate,Yes,8666,4983.0,376,360,0,Rural
139,LP002836,Male,No,0,Graduate,No,3333,0.0,70,360,1,Urban
140,LP002659,Male,Yes,3+,Graduate,No,3466,3428.0,150,360,1,Rural
141,LP002314,Female,No,0,Not Graduate,No,2213,0.0,66,360,1,Rural
142,LP001940,Male,Yes,2,Graduate,No,3153,1560.0,134,360,1,Urban
143,LP001289,Male,No,0,Graduate,No,8566,0.0,210,360,1,Urban
144,LP001915,Male,Yes,2,Graduate,No,2301,985.7999878,78,180,1,Urban
145,LP002519,Male,Yes,3+,Graduate,No,4691,0.0,100,360,1,Semiurban
146,LP002191,Male,Yes,0,Graduate,No,19730,5266.0,570,360,1,Rural
147,LP002301,Female,No,0,Graduate,Yes,7441,0.0,194,360,1,Rural
148,LP002006,Female,No,0,Graduate,No,2507,0.0,56,360,1,Rural
149,LP002236,Male,Yes,2,Graduate,No,4566,0.0,100,360,1,Urban
150,LP002931,Male,Yes,2,Graduate,Yes,6000,0.0,205,240,1,Semiurban
151,LP002945,Male,Yes,0,Graduate,Yes,9963,0.0,180,360,1,Rural
152,LP002266,Male,Yes,2,Graduate,No,3100,1400.0,113,360,1,Urban
153,LP001519,Female,No,0,Graduate,No,10000,1666.0,225,360,1,Rural
154,LP002051,Male,Yes,0,Graduate,No,2400,2167.0,115,360,1,Semiurban
155,LP001784,Male,Yes,1,Graduate,No,5500,1260.0,170,360,1,Rural
156,LP002837,Male,Yes,3+,Graduate,No,3400,2500.0,123,360,0,Rural
157,LP002615,Male,Yes,2,Graduate,No,4865,5624.0,208,360,1,Semiurban
158,LP002446,Male,Yes,2,Not Graduate,No,2309,1255.0,125,360,0,Rural
159,LP002205,Male,No,1,Graduate,No,3062,1987.0,111,180,0,Urban
160,LP001798,Male,Yes,2,Graduate,No,5819,5000.0,120,360,1,Rural
161,LP002493,Male,No,0,Graduate,No,4166,0.0,98,360,0,Semiurban
162,LP001586,Male,Yes,3+,Not Graduate,No,3522,0.0,81,180,1,Rural
163,LP002692,Male,Yes,3+,Graduate,Yes,5677,1424.0,100,360,1,Rural
164,LP001758,Male,Yes,2,Graduate,No,6250,1695.0,210,360,1,Semiurban
165,LP002180,Male,No,0,Graduate,Yes,6822,0.0,141,360,1,Rural
166,LP002398,Male,No,0,Graduate,No,1926,1851.0,50,360,1,Semiurban
167,LP002494,Male,No,0,Graduate,No,6000,0.0,140,360,1,Rural
168,LP001066,Male,Yes,0,Graduate,Yes,9560,0.0,191,360,1,Semiurban
169,LP001206,Male,Yes,3+,Graduate,No,3029,0.0,99,360,1,Urban
170,LP002139,Male,Yes,0,Graduate,No,9083,0.0,228,360,1,Semiurban
171,LP002755,Male,Yes,1,Not Graduate,No,2239,2524.0,128,360,1,Urban
172,LP002772,Male,No,0,Graduate,No,2526,1783.0,145,360,1,Rural
173,LP001529,Male,Yes,0,Graduate,Yes,2577,3750.0,152,360,1,Rural
174,LP002370,Male,No,0,Not Graduate,No,2717,0.0,60,180,1,Urban
175,LP001954,Female,Yes,1,Graduate,No,4666,0.0,135,360,1,Urban
176,LP002916,Male,Yes,0,Graduate,No,2297,1522.0,104,360,1,Urban
177,LP002571,Male,No,0,Not Graduate,No,3691,0.0,110,360,1,Rural
178,LP002004,Male,No,0,Not Graduate,No,2927,2405.0,111,360,1,Semiurban
179,LP002250,Male,Yes,0,Graduate,No,5488,0.0,125,360,1,Rural
180,LP001516,Female,Yes,2,Graduate,No,14866,0.0,70,360,1,Urban
181,LP002863,Male,Yes,3+,Graduate,No,6406,0.0,150,360,1,Semiurban
182,LP002265,Male,Yes,2,Not Graduate,No,1993,1625.0,113,180,1,Semiurban
183,LP001155,Female,Yes,0,Not Graduate,No,1928,1644.0,100,360,1,Semiurban
184,LP001532,Male,Yes,2,Not Graduate,No,2281,0.0,113,360,1,Rural
185,LP002158,Male,Yes,0,Not Graduate,No,3000,1666.0,100,480,0,Urban
186,LP001947,Male,Yes,0,Graduate,No,2383,3334.0,172,360,1,Semiurban
187,LP001095,Male,No,0,Graduate,No,3167,0.0,74,360,1,Urban
188,LP002087,Female,No,0,Graduate,No,2500,0.0,67,360,1,Urban
189,LP001422,Female,No,0,Graduate,No,10408,0.0,259,360,1,Urban
190,LP001114,Male,No,0,Graduate,No,4166,7210.0,184,360,1,Urban
191,LP001146,Female,Yes,0,Graduate,No,2645,3440.0,120,360,0,Urban
192,LP002743,Female,No,0,Graduate,No,2138,0.0,99,360,0,Semiurban
193,LP002798,Male,Yes,0,Graduate,No,3887,2669.0,162,360,1,Semiurban
194,LP002377,Female,No,1,Graduate,Yes,8624,0.0,150,360,1,Semiurban
195,LP001761,Male,No,0,Graduate,Yes,6400,0.0,200,360,1,Rural
196,LP001349,Male,No,0,Graduate,No,4843,3806.0,151,360,1,Semiurban
197,LP001245,Male,Yes,2,Not Graduate,Yes,1875,1875.0,97,360,1,Semiurban
198,LP002648,Male,Yes,0,Graduate,No,2130,6666.0,70,180,1,Semiurban
199,LP001543,Male,Yes,1,Graduate,No,9538,0.0,187,360,1,Urban
200,LP001100,Male,No,3+,Graduate,No,12500,3000.0,320,360,1,Rural
201,LP001993,Female,No,0,Graduate,No,3762,1666.0,135,360,1,Rural
202,LP002606,Female,No,0,Graduate,No,3159,0.0,100,360,1,Semiurban
203,LP001011,Male,Yes,2,Graduate,Yes,5417,4196.0,267,360,1,Urban
204,LP001333,Male,Yes,0,Graduate,No,1977,997.0,50,360,1,Semiurban
205,LP002738,Male,No,2,Graduate,No,3617,0.0,107,360,1,Semiurban
206,LP002181,Male,No,0,Not Graduate,No,6216,0.0,133,360,1,Rural
207,LP001606,Male,Yes,0,Graduate,No,3497,1964.0,116,360,1,Rural
208,LP001903,Male,Yes,0,Graduate,No,3993,3274.0,207,360,1,Semiurban
209,LP002459,Male,Yes,0,Graduate,No,4301,0.0,118,360,1,Urban
210,LP002912,Male,Yes,1,Graduate,No,4283,3000.0,172,84,1,Rural
211,LP002602,Male,No,0,Graduate,No,6283,4416.0,209,360,0,Rural
212,LP001674,Male,Yes,1,Not Graduate,No,2600,2500.0,90,360,1,Semiurban
213,LP002035,Male,Yes,2,Graduate,No,3717,0.0,120,360,1,Semiurban
214,LP002187,Male,No,0,Graduate,No,2500,0.0,96,480,1,Semiurban
215,LP002785,Male,Yes,1,Graduate,No,3333,3250.0,158,360,1,Urban
216,LP001926,Male,Yes,0,Graduate,No,3704,2000.0,120,360,1,Rural
217,LP002640,Male,Yes,1,Graduate,No,6065,2004.0,250,360,1,Semiurban
218,LP001006,Male,Yes,0,Not Graduate,No,2583,2358.0,120,360,1,Urban
219,LP001151,Female,No,0,Graduate,No,4000,2275.0,144,360,1,Semiurban
220,LP001116,Male,No,0,Not Graduate,No,3748,1668.0,110,360,1,Semiurban
221,LP001013,Male,Yes,0,Not Graduate,No,2333,1516.0,95,360,1,Urban
222,LP002224,Male,No,0,Graduate,No,3069,0.0,71,480,1,Urban
223,LP002175,Male,Yes,0,Graduate,No,4750,2333.0,130,360,1,Urban
224,LP001131,Male,Yes,0,Graduate,No,3941,2336.0,134,360,1,Semiurban
225,LP001528,Male,No,0,Graduate,No,6277,0.0,118,360,0,Rural
226,LP001677,Male,No,2,Graduate,No,4923,0.0,166,360,0,Semiurban
227,LP002418,Male,No,3+,Not Graduate,No,4707,1993.0,148,360,1,Semiurban
228,LP002368,Male,Yes,2,Graduate,No,5935,0.0,133,360,1,Semiurban
229,LP002720,Male,Yes,3+,Graduate,No,4281,0.0,100,360,1,Urban
230,LP002767,Male,Yes,0,Graduate,No,2768,1950.0,155,360,1,Rural
231,LP001322,Male,No,0,Graduate,No,4133,0.0,122,360,1,Semiurban
232,LP002097,Male,No,1,Graduate,No,4384,1793.0,117,360,1,Urban
233,LP002234,Male,No,0,Graduate,Yes,7167,0.0,128,360,1,Urban
234,LP001639,Female,Yes,0,Graduate,No,3625,0.0,108,360,1,Semiurban
235,LP001186,Female,Yes,1,Graduate,Yes,11500,0.0,286,360,0,Urban
236,LP001028,Male,Yes,2,Graduate,No,3073,8106.0,200,360,1,Urban
237,LP001765,Male,Yes,1,Graduate,No,2491,2054.0,104,360,1,Semiurban
238,LP001018,Male,Yes,2,Graduate,No,4006,1526.0,168,360,1,Urban
239,LP001875,Male,No,0,Graduate,No,4095,3447.0,151,360,1,Rural
240,LP001656,Male,No,0,Graduate,No,12000,0.0,164,360,1,Semiurban
241,LP002361,Male,Yes,0,Graduate,No,1820,1719.0,100,360,1,Urban
242,LP002467,Male,Yes,0,Graduate,No,3708,2569.0,173,360,1,Urban
243,LP002328,Male,Yes,0,Not Graduate,No,6096,0.0,218,360,0,Rural
244,LP002211,Male,Yes,0,Graduate,No,4817,923.0,120,180,1,Urban
245,LP002524,Male,No,2,Graduate,No,5532,4648.0,162,360,1,Rural
246,LP002832,Male,Yes,2,Graduate,No,8799,0.0,258,360,0,Urban
247,LP002841,Male,Yes,0,Graduate,No,3166,2064.0,104,360,0,Urban
248,LP001478,Male,No,0,Graduate,No,2718,0.0,70,360,1,Semiurban
249,LP001894,Male,Yes,0,Graduate,No,2620,2223.0,150,360,1,Semiurban
250,LP002894,Female,Yes,0,Graduate,No,3166,0.0,36,360,1,Semiurban
251,LP002284,Male,No,0,Not Graduate,No,3902,1666.0,109,360,1,Rural
252,LP002305,Female,No,0,Graduate,No,4547,0.0,115,360,1,Semiurban
253,LP001343,Male,Yes,0,Graduate,No,1759,3541.0,131,360,1,Semiurban
254,LP001936,Male,Yes,0,Graduate,No,3075,2416.0,139,360,1,Rural
255,LP002788,Male,Yes,0,Not Graduate,No,2454,2333.0,181,360,0,Urban
256,LP001535,Male,No,0,Graduate,No,3254,0.0,50,360,1,Urban
257,LP002892,Male,Yes,2,Graduate,No,6540,0.0,205,360,1,Semiurban
258,LP001636,Male,Yes,0,Graduate,No,4600,0.0,73,180,1,Semiurban
259,LP001038,Male,Yes,0,Not Graduate,No,4887,0.0,133,360,1,Rural
260,LP001572,Male,Yes,0,Graduate,No,9323,0.0,75,180,1,Urban
261,LP001385,Male,No,0,Graduate,No,5316,0.0,136,360,1,Urban
262,LP001726,Male,Yes,0,Graduate,No,3727,1775.0,131,360,1,Semiurban
263,LP002308,Male,Yes,0,Not Graduate,No,2167,2400.0,115,360,1,Urban
264,LP002449,Male,Yes,0,Graduate,No,2483,2466.0,90,180,0,Rural
265,LP001112,Female,Yes,0,Graduate,No,3667,1459.0,144,360,1,Semiurban
266,LP002142,Female,Yes,0,Graduate,Yes,5500,0.0,105,360,0,Rural
267,LP001953,Male,Yes,1,Graduate,No,6875,0.0,200,360,1,Semiurban
268,LP001955,Female,No,0,Graduate,No,5000,2541.0,151,480,1,Rural
269,LP001658,Male,No,0,Graduate,No,3858,0.0,76,360,1,Semiurban
270,LP002652,Male,No,0,Graduate,No,5815,3666.0,311,360,1,Rural
271,LP001279,Male,No,0,Graduate,No,2366,2531.0,136,360,1,Semiurban
272,LP001917,Female,No,0,Graduate,No,1811,1666.0,54,360,1,Urban
273,LP002948,Male,Yes,2,Graduate,No,5780,0.0,192,360,1,Urban
274,LP001179,Male,Yes,2,Graduate,No,4616,0.0,134,360,1,Urban
275,LP002978,Female,No,0,Graduate,No,2900,0.0,71,360,1,Rural
276,LP002098,Male,No,0,Graduate,No,2935,0.0,98,360,1,Semiurban
277,LP001580,Male,Yes,2,Graduate,No,8000,0.0,200,360,1,Semiurban
278,LP002731,Female,No,0,Not Graduate,Yes,18165,0.0,125,360,1,Urban
279,LP002716,Male,No,0,Not Graduate,No,6783,0.0,130,360,1,Semiurban
280,LP001836,Female,No,2,Graduate,No,3427,0.0,138,360,1,Urban
281,LP001233,Male,Yes,1,Graduate,No,10750,0.0,312,360,1,Urban
282,LP001565,Male,Yes,1,Graduate,No,3089,1280.0,121,360,0,Semiurban
283,LP001024,Male,Yes,2,Graduate,No,3200,700.0,70,360,1,Urban
284,LP001334,Male,Yes,0,Not Graduate,No,4188,0.0,115,180,1,Semiurban
285,LP002231,Female,No,0,Graduate,No,6000,0.0,156,360,1,Urban
286,LP001120,Male,No,0,Graduate,No,1800,1213.0,47,360,1,Urban
287,LP002958,Male,No,0,Graduate,No,3676,4301.0,172,360,1,Rural
288,LP001325,Male,No,0,Not Graduate,No,3620,0.0,25,120,1,Semiurban
289,LP002600,Male,Yes,1,Graduate,Yes,2895,0.0,95,360,1,Semiurban
290,LP001691,Male,Yes,2,Not Graduate,No,3917,0.0,124,360,1,Semiurban
291,LP002448,Male,Yes,0,Graduate,No,3948,1733.0,149,360,0,Rural
292,LP001238,Male,Yes,3+,Not Graduate,Yes,7100,0.0,125,60,1,Urban
293,LP002555,Male,Yes,2,Graduate,Yes,4583,2083.0,160,360,1,Semiurban
294,LP002050,Male,Yes,1,Graduate,Yes,10000,0.0,155,360,1,Rural
295,LP002347,Male,Yes,0,Graduate,No,3246,1417.0,138,360,1,Semiurban
296,LP001711,Male,Yes,3+,Graduate,No,3430,1250.0,128,360,0,Semiurban
297,LP002116,Female,No,0,Graduate,No,2378,0.0,46,360,1,Rural
298,LP001225,Male,Yes,0,Graduate,No,5726,4595.0,258,360,1,Semiurban
299,LP001504,Male,No,0,Graduate,Yes,6950,0.0,175,180,1,Semiurban
300,LP001253,Male,Yes,3+,Graduate,Yes,5266,1774.0,187,360,1,Semiurban
301,LP002219,Male,Yes,3+,Graduate,No,8750,4996.0,130,360,1,Rural
302,LP002369,Male,Yes,0,Graduate,No,2920,16.12000084,87,360,1,Rural
303,LP001384,Male,Yes,3+,Not Graduate,No,2071,754.0,94,480,1,Semiurban
304,LP002739,Male,Yes,0,Not Graduate,No,2917,536.0,66,360,1,Rural
305,LP001778,Male,Yes,1,Graduate,No,3155,1779.0,140,360,1,Semiurban
306,LP001844,Male,No,0,Graduate,Yes,16250,0.0,192,360,0,Urban
307,LP001963,Male,Yes,1,Graduate,No,2014,2925.0,113,360,1,Urban
308,LP001938,Male,Yes,2,Graduate,No,4400,0.0,127,360,0,Semiurban
309,LP001843,Male,Yes,1,Not Graduate,No,2661,7101.0,279,180,1,Semiurban
310,LP002776,Female,No,0,Graduate,No,5000,0.0,103,360,0,Semiurban
311,LP002855,Male,Yes,2,Graduate,No,16666,0.0,275,360,1,Urban
312,LP002161,Female,No,1,Graduate,No,4723,0.0,81,360,1,Semiurban
313,LP002364,Male,Yes,0,Graduate,No,14880,0.0,96,360,1,Semiurban
314,LP002705,Male,Yes,0,Graduate,No,3775,0.0,110,360,1,Semiurban
315,LP001813,Male,No,0,Graduate,Yes,6050,4333.0,120,180,1,Urban
316,LP001086,Male,No,0,Not Graduate,No,1442,0.0,35,360,1,Urban
317,LP001914,Male,Yes,0,Graduate,No,3927,800.0,112,360,1,Semiurban
318,LP001520,Male,Yes,0,Graduate,No,4860,830.0,125,360,1,Semiurban
319,LP001664,Male,No,0,Graduate,No,4191,0.0,120,360,1,Rural
320,LP001751,Male,Yes,0,Graduate,No,3250,0.0,170,360,1,Rural
321,LP001806,Male,No,0,Graduate,No,2965,5701.0,155,60,1,Urban
322,LP001319,Male,Yes,2,Not Graduate,No,3273,1820.0,81,360,1,Urban
323,LP001900,Male,Yes,1,Graduate,No,2750,1842.0,115,360,1,Semiurban
324,LP001977,Male,Yes,1,Graduate,No,1625,1803.0,96,360,1,Urban
325,LP001641,Male,Yes,1,Graduate,Yes,2178,0.0,66,300,0,Rural
326,LP001222,Female,No,0,Graduate,No,4166,0.0,116,360,0,Semiurban
327,LP002068,Male,No,0,Graduate,No,4917,0.0,130,360,0,Rural
328,LP001451,Male,Yes,1,Graduate,Yes,10513,3850.0,160,180,0,Urban
329,LP001482,Male,Yes,0,Graduate,Yes,3459,0.0,25,120,1,Semiurban
330,LP001872,Male,No,0,Graduate,Yes,5166,0.0,128,360,1,Semiurban
331,LP002529,Male,Yes,2,Graduate,No,6700,1750.0,230,300,1,Semiurban
332,LP002527,Male,Yes,2,Graduate,Yes,16525,1014.0,150,360,1,Rural
333,LP001008,Male,No,0,Graduate,No,6000,0.0,141,360,1,Urban
334,LP002706,Male,Yes,1,Not Graduate,No,5285,1430.0,161,360,0,Semiurban
335,LP002961,Male,Yes,1,Graduate,No,3400,2500.0,173,360,1,Semiurban
336,LP002197,Male,Yes,2,Graduate,No,5185,0.0,155,360,1,Semiurban
337,LP001698,Male,No,0,Not Graduate,No,3975,2531.0,55,360,1,Rural
338,LP002777,Male,Yes,0,Graduate,No,2785,2016.0,110,360,1,Rural
339,LP002768,Male,No,0,Not Graduate,No,3358,0.0,80,36,1,Semiurban
340,LP001994,Female,No,0,Graduate,No,2400,1863.0,104,360,0,Urban
341,LP001716,Male,Yes,0,Graduate,No,3173,3021.0,137,360,1,Urban
342,LP002723,Male,No,2,Graduate,No,3588,0.0,110,360,0,Rural
343,LP002407,Female,Yes,0,Not Graduate,Yes,7142,0.0,138,360,1,Rural
344,LP002332,Male,Yes,0,Not Graduate,No,2253,2033.0,110,360,1,Rural
345,LP001207,Male,Yes,0,Not Graduate,Yes,2609,3449.0,165,180,0,Rural
346,LP001608,Male,Yes,2,Graduate,No,2045,1619.0,101,360,1,Rural
347,LP001119,Male,No,0,Graduate,No,3600,0.0,80,360,1,Urban
348,LP002534,Female,No,0,Not Graduate,No,4350,0.0,154,360,1,Rural
349,LP002984,Male,Yes,2,Graduate,No,7583,0.0,187,360,1,Urban
350,LP001825,Male,Yes,0,Graduate,No,1809,1868.0,90,360,1,Urban
351,LP001243,Male,Yes,0,Graduate,No,3208,3066.0,172,360,1,Urban
352,LP002741,Female,Yes,1,Graduate,No,4608,2845.0,140,180,1,Semiurban
353,LP001849,Male,No,0,Not Graduate,No,6045,0.0,115,360,0,Rural
354,LP001657,Male,Yes,0,Not Graduate,No,6033,0.0,160,360,1,Urban
355,LP001073,Male,Yes,2,Not Graduate,No,4226,1040.0,110,360,1,Urban
356,LP001790,Female,No,1,Graduate,No,3812,0.0,112,360,1,Rural
357,LP001003,Male,Yes,1,Graduate,No,4583,1508.0,128,360,1,Rural
358,LP002587,Male,Yes,0,Not Graduate,No,2600,1700.0,107,360,1,Rural
359,LP001228,Male,No,0,Not Graduate,No,3200,2254.0,126,180,0,Urban
360,LP001570,Male,Yes,2,Graduate,No,4167,1447.0,158,360,1,Rural
361,LP002225,Male,Yes,2,Graduate,No,5391,0.0,130,360,1,Urban
362,LP001197,Male,Yes,0,Graduate,No,3366,2200.0,135,360,1,Rural
363,LP002795,Male,Yes,3+,Graduate,Yes,10139,0.0,260,360,1,Semiurban
364,LP001708,Female,No,0,Graduate,No,10000,0.0,214,360,1,Semiurban
365,LP002974,Male,Yes,0,Graduate,No,3232,1950.0,108,360,1,Rural
366,LP002300,Female,No,0,Not Graduate,No,1963,0.0,53,360,1,Semiurban
367,LP002983,Male,Yes,1,Graduate,No,8072,240.0,253,360,1,Urban
368,LP002296,Male,No,0,Not Graduate,No,2755,0.0,65,300,1,Rural
369,LP001439,Male,Yes,0,Not Graduate,No,4300,2014.0,194,360,1,Rural
370,LP001508,Male,Yes,2,Graduate,No,11757,0.0,187,180,1,Urban
371,LP002473,Male,Yes,0,Graduate,No,8334,0.0,160,360,1,Semiurban
372,LP002053,Male,Yes,3+,Graduate,No,4342,189.0,124,360,1,Semiurban
373,LP001248,Male,No,0,Graduate,No,3500,0.0,81,300,1,Semiurban
374,LP002619,Male,Yes,0,Not Graduate,No,3814,1483.0,124,300,1,Semiurban
375,LP002277,Female,No,0,Graduate,No,3180,0.0,71,360,0,Urban
376,LP002911,Male,Yes,1,Graduate,No,2787,1917.0,146,360,0,Rural
377,LP001401,Male,Yes,1,Graduate,No,14583,0.0,185,180,1,Rural
378,LP002484,Male,Yes,3+,Graduate,No,7740,0.0,128,180,1,Urban
379,LP002585,Male,Yes,0,Graduate,No,3597,2157.0,119,360,0,Rural
380,LP001841,Male,No,0,Not Graduate,Yes,2583,2167.0,104,360,1,Rural
381,LP002820,Male,Yes,0,Graduate,No,5923,2054.0,211,360,1,Rural
382,LP001744,Male,No,0,Graduate,No,2971,2791.0,144,360,1,Semiurban
383,LP001552,Male,Yes,0,Graduate,No,4583,5625.0,255,360,1,Semiurban
